"warddiv13","warddiv19","pop10","frac_of_g1","frac_of_g2"
"0101","0101",878,1,1
"0102","0102",834,1,1
"0103","0103",759,1,1
"0104","0104",1006,1,1
"0105","0105",807,1,1
"0106","0106",762,1,1
"0107","0107",843,1,1
"0108","0108",1152,1,1
"0109","0109",935,1,1
"0110","0110",1124,1,1
"0111","0111",793,1,1
"0112","0112",1182,1,1
"0113","0113",1091,1,1
"0114","0114",1054,1,1
"0115","0115",931,1,1
"0116","0116",839,1,1
"0117","0117",918,1,1
"0118","0118",808,1,1
"0119","0119",580,1,0.885496183206107
"0120","0120",763,1,1
"0121","0119",75,0.0916870415647922,0.114503816793893
"0121","0121",743,0.908312958435208,1
"0201","0201",933,1,1
"0202","0202",628,1,1
"0203","0203",706,1,1
"0204","0204",1000,1,1
"0205","0205",985,1,1
"0206","0206",770,1,1
"0207","0207",923,1,1
"0208","0208",761,1,1
"0209","0209",754,1,1
"0210","0210",822,1,1
"0211","0211",913,1,1
"0212","0212",797,1,1
"0213","0213",509,1,1
"0214","0214",904,1,1
"0215","0215",1017,1,1
"0216","0216",986,1,1
"0217","0217",762,1,1
"0218","0218",687,1,1
"0219","0219",822,1,1
"0220","0220",358,1,1
"0221","0221",608,1,1
"0222","0222",882,1,1
"0223","0223",847,1,1
"0224","0224",735,1,1
"0225","0225",885,1,1
"0226","0226",1193,1,1
"0227","0227",1328,1,1
"0301","0301",777,1,1
"0302","0302",929,1,1
"0303","0303",846,1,1
"0304","0304",1193,1,1
"0305","0305",708,1,1
"0306","0306",786,1,1
"0307","0307",723,1,1
"0308","0308",748,1,1
"0309","0309",779,1,1
"0310","0310",783,1,1
"0311","0311",792,1,1
"0312","0312",774,1,1
"0313","0313",680,1,1
"0314","0314",848,1,1
"0315","0315",789,1,1
"0316","0316",876,1,1
"0317","0317",807,1,1
"0318","0318",884,1,1
"0319","0319",934,1,1
"0320","0320",709,1,1
"0321","0321",656,1,1
"0322","0322",740,1,1
"0401","0401",805,1,1
"0402","0402",1106,1,1
"0403","0403",1016,1,1
"0404","0404",670,1,1
"0405","0405",921,1,1
"0406","0406",951,1,1
"0407","0407",1074,1,1
"0408","0408",1073,1,1
"0409","0409",804,1,1
"0410","0410",827,1,1
"0411","0411",994,1,1
"0412","0412",865,1,1
"0413","0413",1082,1,1
"0414","0414",815,1,1
"0415","0415",903,1,1
"0416","0416",950,1,1
"0417","0417",781,1,1
"0418","0418",834,1,1
"0419","0419",678,1,1
"0420","0420",910,1,1
"0421","0421",679,1,1
"0501","0501",1095,1,1
"0502","0502",832,1,1
"0503","0503",769,1,0.865990990990991
"0504","0504",1170,1,1
"0505","0505",1137,1,1
"0506","0506",1288,1,1
"0507","0507",993,1,1
"0508","0508",1164,1,1
"0509","0509",1483,1,1
"0510","0510",390,0.84051724137931,0.401647785787848
"0510","0530",74,0.15948275862069,0.122314049586777
"0511","0511",1807,1,1
"0512","0512",1779,1,1
"0513","0513",836,1,1
"0514","0514",983,1,1
"0515","0515",611,1,1
"0516","0516",626,0.760631834750911,1
"0516","0527",143,0.173754556500608,0.140471512770138
"0516","0530",54,0.0656136087484812,0.0892561983471074
"0517","0517",742,0.471111111111111,1
"0517","0532",833,0.528888888888889,1
"0518","0518",1810,1,1
"0519","0503",119,0.0892723180795199,0.134009009009009
"0519","0519",1214,0.91072768192048,1
"0520","0520",522,1,1
"0521","0521",716,0.33086876155268,1
"0521","0533",936,0.432532347504621,1
"0521","0534",512,0.236598890942699,1
"0522","0522",732,1,1
"0523","0523",902,1,1
"0524","0524",3835,1,1
"0524","0531",0,0,0
"0525","0525",1184,0.555868544600939,1
"0525","0531",946,0.444131455399061,0.995789473684211
"0526","0510",581,0.400966183574879,0.598352214212152
"0526","0526",865,0.59696342305038,1
"0526","0530",3,0.0020703933747412,0.00495867768595041
"0527","0527",875,0.646711012564671,0.859528487229863
"0527","0530",474,0.350332594235033,0.783471074380165
"0527","0531",4,0.00295639320029564,0.00421052631578947
"0528","0528",917,1,1
"0529","0529",1127,1,1
"0601","0601",922,1,1
"0602","0602",642,1,1
"0603","0603",841,1,1
"0604","0604",1121,1,1
"0605","0605",495,1,1
"0606","0606",477,1,1
"0607","0607",788,1,1
"0607","2408",0,0,0
"0608","0608",522,1,1
"0609","0609",612,1,1
"0610","0610",459,1,1
"0611","0611",1224,1,1
"0612","0612",630,1,1
"0613","0613",631,1,1
"0614","0614",779,1,1
"0615","0615",903,1,1
"0616","0616",783,1,1
"0617","0617",863,1,1
"0618","0618",1214,1,1
"0701","0701",965,1,1
"0702","0702",784,0.824395373291272,0.964329643296433
"0702","0717",167,0.175604626708728,0.183920704845815
"0703","0702",29,0.0405027932960894,0.035670356703567
"0703","0703",687,0.959497206703911,1
"0704","0704",1032,1,1
"0705","0705",1522,1,1
"0706","0706",1207,1,0.980503655564582
"0707","0706",24,0.0200501253132832,0.0194963444354184
"0707","0707",1173,0.979949874686717,1
"0708","0708",1039,1,1
"0709","0709",764,1,1
"0710","0710",1717,1,1
"0711","0711",1307,1,1
"0712","0712",1331,1,1
"0713","0713",957,1,1
"0714","0714",965,1,1
"0715","0715",655,1,1
"0716","0716",1062,1,1
"0717","0717",741,1,0.816079295154185
"0718","0718",1219,1,1
"0719","0719",1055,1,1
"0720","0720",853,1,1
"0721","0721",1076,1,1
"0722","0722",964,1,1
"0723","0723",808,1,1
"0801","0801",916,1,1
"0802","0802",855,1,1
"0803","0803",1165,1,1
"0804","0804",1124,1,1
"0805","0805",1567,1,1
"0806","0806",757,1,1
"0807","0807",936,1,1
"0808","0808",1238,1,1
"0809","0809",1264,1,1
"0810","0810",1060,1,1
"0811","0811",872,1,1
"0812","0812",1149,1,1
"0813","0813",794,1,1
"0814","0814",1683,1,1
"0815","0815",1607,1,1
"0816","0816",580,1,1
"0817","0817",1377,1,1
"0818","0818",849,1,1
"0819","0819",1104,1,1
"0820","0820",885,1,1
"0821","0821",777,1,1
"0822","0822",1457,1,1
"0823","0823",1188,1,1
"0824","0819",0,0,0
"0824","0822",0,0,0
"0824","0824",1561,1,1
"0825","0825",1260,1,1
"0826","0826",1816,1,1
"0827","0827",1146,1,1
"0828","0828",869,1,1
"0829","0829",925,1,1
"0830","0830",1194,1,1
"0901","0901",786,1,1
"0902","0902",819,1,1
"0903","0903",1144,1,1
"0904","0904",885,1,1
"0905","0905",934,0.929353233830846,1
"0905","0906",71,0.0706467661691542,0.0774263904034896
"0906","0906",846,1,0.92257360959651
"0907","0907",1332,1,1
"0908","0908",624,1,1
"0909","0909",1044,1,1
"0910","0910",996,1,1
"0911","0911",1250,1,1
"0912","0912",966,1,1
"0913","0913",805,1,1
"0914","0914",691,1,1
"0915","0915",819,1,1
"0916","0916",1005,1,1
"0917","0917",731,1,1
"1001","1001",839,1,1
"1002","1002",1019,1,1
"1003","1003",745,1,1
"1004","1004",783,1,1
"1005","1005",814,1,1
"1006","1006",744,1,1
"1007","1007",717,1,1
"1008","1008",806,1,1
"1009","1009",809,1,1
"1010","1010",720,1,1
"1011","1011",1142,1,1
"1012","1012",872,1,1
"1013","1013",912,1,1
"1014","1014",995,1,1
"1015","1015",685,1,1
"1016","1016",746,1,1
"1017","1017",729,1,1
"1018","1018",717,1,1
"1019","1019",659,1,1
"1020","1020",996,1,1
"1021","1021",970,1,1
"1022","1022",610,1,1
"1023","1023",735,1,1
"1024","1024",616,1,1
"1025","1025",753,1,1
"1026","1026",797,1,1
"1027","1027",842,1,1
"1028","1028",670,1,1
"1029","1029",687,1,1
"1101","1101",456,1,1
"1102","1102",791,1,1
"1103","1103",769,1,1
"1104","1104",277,1,1
"1105","1105",537,1,1
"1106","1106",477,1,1
"1107","1107",680,1,1
"1108","1108",802,1,1
"1109","1109",833,1,1
"1110","1110",600,1,1
"1111","1111",728,1,1
"1112","1112",539,1,1
"1113","1113",1074,1,1
"1114","1114",585,1,1
"1115","1115",441,1,1
"1116","1116",634,1,1
"1117","1117",446,1,1
"1118","1118",669,1,1
"1119","1119",781,1,1
"1120","1120",721,1,1
"1201","1201",841,1,1
"1202","1202",770,1,1
"1203","1203",716,1,1
"1204","1204",642,1,1
"1205","1205",1096,1,1
"1206","1206",722,1,1
"1207","1207",1042,1,1
"1208","1208",1074,1,1
"1209","1209",861,1,1
"1210","1210",1034,1,1
"1211","1211",941,1,1
"1212","1212",891,1,1
"1213","1213",854,1,1
"1214","1214",1248,1,1
"1215","1215",1021,1,1
"1216","1216",980,1,1
"1217","1217",1192,1,1
"1218","1218",873,1,1
"1219","1219",737,1,1
"1220","1220",771,1,1
"1221","1221",581,1,1
"1222","1222",1006,1,1
"1223","1223",950,1,1
"1224","1224",1136,1,1
"1301","1301",878,1,1
"1302","1302",707,1,1
"1303","1303",620,1,1
"1304","1304",826,1,1
"1305","1305",1026,1,1
"1306","1306",886,1,1
"1307","1307",623,1,1
"1308","1308",688,1,1
"1309","1309",724,1,1
"1310","1310",657,1,1
"1311","1311",793,1,1
"1312","1312",672,1,1
"1313","1313",721,1,1
"1314","1314",846,1,1
"1315","1315",605,1,1
"1316","1316",682,1,1
"1317","1317",849,1,1
"1318","1318",884,1,1
"1319","1319",792,1,1
"1320","1320",747,1,1
"1321","1321",581,1,1
"1322","1322",1069,1,1
"1323","1323",601,1,1
"1324","1324",519,1,1
"1325","1325",598,1,1
"1401","1401",987,1,1
"1402","1402",946,1,1
"1403","1403",643,1,1
"1404","1404",1420,1,1
"1405","1405",599,1,1
"1406","1406",643,1,1
"1407","1407",683,1,1
"1408","1408",230,1,1
"1409","1409",515,1,1
"1410","1410",848,1,1
"1411","1411",566,1,1
"1501","1501",1035,1,1
"1502","1502",971,1,1
"1503","1503",1185,1,1
"1504","1504",655,1,1
"1505","1505",660,1,1
"1506","1506",911,1,1
"1507","1507",892,0.933054393305439,1
"1507","1510",64,0.0669456066945607,0.0669456066945607
"1508","1508",782,1,1
"1509","1509",748,1,1
"1510","1510",892,1,0.933054393305439
"1511","1511",646,1,1
"1512","1512",725,1,1
"1513","1513",733,1,1
"1514","1514",768,1,1
"1515","1515",688,1,1
"1516","1516",849,1,1
"1517","1517",799,1,1
"1518","1518",900,1,1
"1519","1519",778,1,1
"1601","1601",549,1,1
"1602","1602",625,1,1
"1603","1603",697,1,1
"1604","1604",560,1,1
"1605","1605",612,1,1
"1606","1606",615,1,1
"1607","1607",640,1,1
"1608","1608",587,1,1
"1609","1609",667,1,1
"1610","1610",498,1,1
"1611","1611",546,1,1
"1612","1612",632,1,1
"1613","1613",548,1,1
"1614","1614",466,1,1
"1615","1615",712,1,1
"1616","1616",863,1,1
"1617","1617",685,1,1
"1618","1618",832,1,1
"1701","1701",610,1,1
"1702","1702",651,1,1
"1703","1703",847,1,1
"1704","1704",795,1,1
"1705","1705",741,1,1
"1706","1706",773,1,1
"1707","1707",1026,1,1
"1708","1708",782,1,1
"1709","1709",724,1,1
"1710","1710",899,1,1
"1711","1711",723,1,1
"1712","1712",784,1,1
"1713","1713",869,1,1
"1714","1714",841,1,1
"1715","1715",712,1,1
"1716","1716",1215,1,1
"1717","1717",670,1,1
"1718","1718",632,1,1
"1719","1719",548,1,1
"1720","1720",746,0.943109987357775,1
"1720","1726",45,0.056890012642225,0.115089514066496
"1721","1721",948,1,1
"1722","1722",724,1,1
"1723","1723",1543,1,1
"1724","1724",1015,1,1
"1725","1725",703,1,1
"1726","1726",346,1,0.884910485933504
"1727","1727",572,1,1
"1728","1728",617,1,1
"1729","1729",685,1,1
"1801","1801",519,0.39739663093415,1
"1801","1818",787,0.60260336906585,0.891279728199321
"1802","1802",1238,1,1
"1803","1803",482,1,1
"1804","1804",760,1,1
"1805","1805",856,1,1
"1806","1806",753,1,1
"1807","1807",768,1,1
"1808","1808",424,1,1
"1809","1809",938,0.90715667311412,1
"1809","1818",96,0.0928433268858801,0.10872027180068
"1810","1810",885,1,1
"1811","1811",946,1,1
"1812","1812",917,1,1
"1813","1813",632,1,1
"1814","1814",765,1,1
"1815","1815",648,1,1
"1816","1816",1038,1,1
"1817","1817",1158,1,1
"1901","1901",909,1,1
"1902","1902",1079,1,1
"1903","1903",788,1,1
"1904","1904",741,1,1
"1905","1905",503,1,1
"1906","1906",636,1,1
"1907","1907",777,1,1
"1908","1908",722,1,1
"1909","1909",840,1,1
"1910","1910",1029,1,1
"1911","1911",774,1,1
"1912","1912",789,1,1
"1913","1913",755,1,1
"1914","1914",326,1,1
"1915","1915",542,1,1
"1916","1916",1047,1,1
"1917","1917",466,1,1
"1918","1918",538,1,1
"1919","1919",617,1,1
"2001","2001",1811,1,1
"2002","2002",498,1,1
"2003","2003",1153,1,1
"2004","2004",883,1,1
"2005","2005",354,0.762931034482759,1
"2005","2010",110,0.237068965517241,0.120481927710843
"2006","2006",893,1,1
"2007","2007",1932,1,1
"2008","2008",325,1,1
"2009","2009",1309,1,1
"2010","2010",803,1,0.879518072289157
"2011","2011",1624,1,1
"2101","2101",925,1,1
"2102","2102",1199,1,1
"2103","2103",714,1,1
"2104","2104",813,1,1
"2105","2105",1335,1,1
"2106","2106",1038,1,1
"2107","2107",1109,1,1
"2108","2108",945,1,1
"2109","2109",988,1,1
"2110","2110",704,1,1
"2111","2111",892,1,1
"2112","2112",812,1,1
"2113","2113",864,1,1
"2114","2114",1045,1,1
"2115","2115",1039,1,1
"2116","2116",682,1,1
"2117","2117",938,1,1
"2118","2118",804,1,1
"2119","2119",812,1,1
"2120","2120",803,1,1
"2121","2121",953,1,1
"2122","2122",1355,1,1
"2123","2123",1529,1,1
"2124","2124",1168,1,1
"2124","2126",0,0,0
"2125","2125",863,1,1
"2126","2126",795,1,1
"2127","2127",960,1,1
"2128","2128",790,1,1
"2129","2129",1429,1,1
"2130","2130",1274,1,1
"2131","2131",755,1,1
"2132","2132",764,1,1
"2133","2133",1357,1,1
"2134","2134",1269,1,1
"2135","2135",1019,1,1
"2136","2136",700,1,1
"2137","2137",863,1,1
"2138","2138",1010,1,1
"2139","2139",1590,1,1
"2140","2140",1486,0.959328599096191,1
"2140","2141",63,0.0406714009038089,0.087378640776699
"2141","2141",658,1,0.912621359223301
"2142","2142",788,1,1
"2143","2143",741,1,1
"2144","2144",839,1,1
"2145","2145",818,1,1
"2201","2201",923,1,1
"2202","2202",855,1,1
"2203","2203",801,1,1
"2204","2204",673,1,1
"2205","2205",808,1,1
"2206","2206",1190,1,1
"2207","2207",916,1,1
"2208","2208",579,1,1
"2209","2209",734,1,1
"2210","2210",702,1,1
"2211","2211",628,1,1
"2212","2212",868,1,1
"2213","2213",848,1,1
"2214","2214",1055,1,1
"2215","2215",894,1,1
"2216","2216",743,1,1
"2217","2217",616,1,1
"2218","2218",528,1,1
"2219","2219",744,1,1
"2220","2220",589,1,1
"2221","2221",662,1,0.931082981715893
"2222","2222",833,1,1
"2223","2223",628,1,1
"2224","2224",659,1,1
"2225","2225",481,1,1
"2226","2221",49,0.0645586297760211,0.0689170182841069
"2226","2226",710,0.935441370223979,1
"2227","2227",689,1,1
"2228","2228",673,1,1
"2229","2229",604,1,1
"2301","2301",814,1,1
"2302","2302",980,1,1
"2303","2303",644,1,1
"2304","2304",1138,1,1
"2305","2305",1035,1,1
"2306","2306",1414,1,1
"2307","2307",1205,1,1
"2308","2308",953,1,1
"2309","2309",863,1,1
"2310","2310",1318,1,1
"2311","2311",1415,0.905310300703775,1
"2311","2312",148,0.0946896992962252,0.111278195488722
"2312","2312",1182,1,0.888721804511278
"2313","2313",1039,1,1
"2314","2314",1068,1,1
"2315","2315",1065,1,1
"2316","2316",933,1,1
"2317","2317",811,1,1
"2318","2318",999,1,1
"2319","2319",887,1,1
"2320","2320",1042,1,1
"2321","2321",1016,1,1
"2322","2322",1047,1,1
"2323","2323",791,1,1
"2401","2401",1361,1,1
"2402","2402",864,1,1
"2403","2403",1031,1,1
"2404","2404",536,1,1
"2405","2405",1058,1,1
"2406","2406",1360,1,1
"2407","2407",652,1,1
"2408","2408",1138,1,1
"2409","2409",542,1,1
"2410","2410",1229,1,1
"2411","2411",714,1,1
"2412","2412",539,1,1
"2413","2413",614,1,1
"2414","2414",690,1,1
"2415","2415",506,1,1
"2416","2416",328,1,1
"2417","2417",359,1,1
"2418","2418",1391,1,1
"2419","2419",1006,1,1
"2501","2501",876,1,1
"2502","2502",908,1,1
"2503","2503",960,1,1
"2504","2504",817,1,0.944508670520231
"2505","2505",879,1,1
"2506","2506",728,1,1
"2507","2504",48,0.0608365019011407,0.0554913294797688
"2507","2507",741,0.939163498098859,0.927409261576971
"2508","2508",873,1,1
"2509","2509",616,1,0.704805491990847
"2510","2510",698,0.774694783573807,1
"2510","2512",203,0.225305216426193,0.249079754601227
"2511","2511",852,1,1
"2512","2507",58,0.0865671641791045,0.0725907384230288
"2512","2512",612,0.913432835820896,0.750920245398773
"2513","2513",743,1,1
"2514","2514",725,1,1
"2515","2515",895,1,1
"2516","2516",697,1,1
"2517","2509",258,0.232642019837692,0.295194508009153
"2517","2517",851,0.767357980162308,1
"2518","2518",1025,1,1
"2519","2519",1016,1,1
"2520","2520",1121,1,1
"2521","2521",980,1,1
"2522","2522",783,1,1
"2523","2523",1006,1,1
"2524","2524",908,1,1
"2601","2601",729,0.884708737864078,1
"2601","2602",95,0.115291262135922,0.0931372549019608
"2602","2602",925,1,0.906862745098039
"2603","2603",737,1,1
"2604","2604",775,1,1
"2605","2605",754,1,1
"2606","2606",922,1,1
"2607","2607",813,1,1
"2608","2608",903,1,1
"2609","2609",840,1,1
"2610","2610",740,1,1
"2611","2611",750,1,1
"2612","2612",732,1,1
"2613","2613",610,1,1
"2614","2614",748,1,1
"2615","2615",544,1,1
"2616","2616",803,1,1
"2617","2617",704,1,1
"2618","2618",738,1,1
"2619","2619",786,1,1
"2620","2620",24,1,0.923076923076923
"2621","2621",630,1,1
"2622","2622",667,1,1
"2623","2623",2165,1,1
"2624","2620",2,1,0.0769230769230769
"2701","2701",1166,1,1
"2702","2702",876,1,1
"2703","2703",3347,1,1
"2704","2704",577,1,1
"2705","2705",1084,1,1
"2706","2706",1418,1,1
"2707","2707",1226,1,0.965354330708661
"2707","2708",0,0,0
"2708","2707",44,0.0475675675675676,0.0346456692913386
"2708","2708",881,0.952432432432432,1
"2709","2709",1338,1,1
"2710","2710",619,1,1
"2711","2711",1836,1,1
"2712","2712",595,1,1
"2713","2713",1176,1,1
"2714","2714",1268,1,1
"2715","2715",713,1,1
"2716","2716",1147,1,1
"2717","2717",618,1,1
"2718","2718",95,1,0.0714285714285714
"2719","2719",1292,1,1
"2720","2718",1176,0.481375358166189,0.884210526315789
"2720","2720",1267,0.518624641833811,1
"2721","2718",59,0.159891598915989,0.0443609022556391
"2721","2721",310,0.840108401084011,1
"2722","2722",2007,1,1
"2723","2723",1086,1,1
"2801","2801",444,1,0.822222222222222
"2802","2802",458,1,1
"2803","2803",633,1,1
"2804","2804",581,1,1
"2805","2805",707,1,1
"2806","2806",631,1,1
"2807","2807",401,1,1
"2808","2801",96,0.10412147505423,0.177777777777778
"2808","2808",826,0.89587852494577,1
"2809","2809",868,1,1
"2810","2810",567,1,1
"2811","2811",454,1,1
"2812","2812",649,1,1
"2813","2813",715,1,1
"2814","2814",543,1,1
"2815","2815",551,1,1
"2816","2816",504,1,1
"2817","2817",512,1,1
"2818","2818",648,1,1
"2901","2901",1202,1,1
"2902","2902",357,1,1
"2903","2903",867,1,1
"2904","2904",875,1,1
"2905","2905",278,1,1
"2906","2906",355,1,1
"2907","2907",813,1,1
"2908","2908",500,1,1
"2909","2909",308,1,0.877492877492878
"2910","2910",908,1,0.944849115504683
"2911","2909",43,0.05858310626703,0.122507122507123
"2911","2911",691,0.94141689373297,1
"2912","2912",516,1,1
"2913","2913",575,1,1
"2914","2914",432,1,1
"2915","2915",636,1,1
"2916","2916",555,1,1
"2917","2910",53,0.0924956369982548,0.0551508844953174
"2917","2917",520,0.907504363001745,1
"2918","2918",521,1,1
"3001","3001",1237,1,1
"3002","3002",636,1,1
"3003","3003",818,1,1
"3004","3004",506,1,1
"3005","3005",578,1,1
"3006","3006",881,1,1
"3007","3007",1348,1,1
"3008","3008",777,1,1
"3009","3009",962,1,1
"3010","3010",479,1,1
"3011","3011",651,1,1
"3012","3012",664,1,1
"3013","3013",879,1,1
"3014","3014",641,1,0.909219858156028
"3015","3014",64,0.0726447219069239,0.0907801418439716
"3015","3015",817,0.927355278093076,1
"3016","3016",743,1,1
"3017","3017",1235,1,1
"3101","3101",715,1,1
"3102","3102",893,1,1
"3103","3103",558,1,1
"3104","3104",884,1,1
"3105","3105",744,0.894230769230769,1
"3105","3106",88,0.105769230769231,0.11340206185567
"3106","3106",688,1,0.88659793814433
"3107","3107",1134,1,1
"3108","3108",1049,1,1
"3109","3109",784,1,1
"3110","3110",584,1,1
"3111","3111",1164,1,1
"3112","3112",1087,1,1
"3113","3113",751,1,1
"3114","3114",803,1,1
"3115","3115",887,1,1
"3116","3116",934,1,1
"3117","3117",679,1,1
"3118","3118",610,1,1
"3119","3119",704,1,1
"3201","3201",400,1,1
"3202","3202",706,1,1
"3203","3203",544,1,1
"3204","3204",540,1,1
"3205","3205",499,1,1
"3206","3206",809,1,1
"3207","3207",1371,1,1
"3208","3208",736,1,1
"3209","3209",756,1,1
"3210","3210",588,1,1
"3211","3211",864,1,1
"3212","3212",748,1,1
"3213","3213",448,1,1
"3214","3214",336,1,1
"3215","3215",538,1,1
"3216","3216",686,1,1
"3217","3217",408,1,1
"3218","3218",687,1,1
"3219","3219",527,1,1
"3220","3220",561,1,1
"3221","3221",666,1,1
"3222","3222",494,1,1
"3223","3223",620,1,1
"3224","3224",420,1,1
"3225","3225",606,1,1
"3226","3226",601,1,1
"3227","3227",408,1,1
"3228","3228",717,1,1
"3229","3229",615,1,1
"3230","3230",566,1,1
"3231","3231",633,1,1
"3301","3301",1072,1,1
"3302","3302",1034,1,1
"3303","3303",866,1,1
"3304","3304",821,1,1
"3305","3305",843,1,1
"3306","2303",0,0,0
"3306","3306",1108,1,1
"3307","3307",1541,1,1
"3308","3308",1119,1,1
"3309","3309",1043,1,1
"3310","3310",1057,1,1
"3311","3311",1264,1,1
"3312","3312",1515,1,1
"3313","3313",1137,1,1
"3314","3314",1054,1,1
"3315","3315",1115,1,1
"3316","3316",890,1,1
"3317","3317",880,1,1
"3318","3318",751,1,1
"3319","3319",1131,1,1
"3320","3320",931,1,1
"3321","3321",730,1,1
"3322","3322",1540,1,1
"3323","3323",931,1,1
"3324","3324",853,1,1
"3401","3401",621,1,1
"3402","3402",841,1,1
"3403","3403",605,1,1
"3404","3404",576,1,1
"3405","3405",689,1,1
"3406","3406",788,1,1
"3407","3407",779,1,1
"3408","3408",838,1,1
"3409","3409",617,1,1
"3410","3410",893,1,1
"3411","3411",841,1,1
"3412","3412",877,1,1
"3413","3413",837,1,1
"3414","3414",1109,1,1
"3415","3415",1008,1,1
"3416","3416",855,1,1
"3417","3417",984,1,1
"3418","3418",991,1,1
"3419","3419",1117,1,1
"3420","3420",1272,1,1
"3421","3421",1092,1,1
"3422","3422",842,1,1
"3423","3423",792,1,1
"3424","3424",940,1,1
"3425","3425",1178,1,0.688084112149533
"3426","3426",736,1,1
"3427","3427",852,1,1
"3428","3428",777,1,1
"3429","3429",899,1,1
"3430","3430",785,1,1
"3431","3431",1005,1,1
"3432","3432",726,1,1
"3433","3433",945,1,1
"3434","3434",737,1,1
"3435","3435",551,1,1
"3436","3436",525,1,1
"3437","3437",789,1,1
"3438","3438",818,1,1
"3439","3439",892,1,1
"3440","3440",644,1,1
"3441","3441",1073,1,1
"3442","3442",637,1,1
"3501","3501",1212,1,1
"3502","3502",1214,1,1
"3503","3503",983,1,1
"3504","3504",895,1,1
"3505","3505",1345,1,1
"3506","3506",1231,1,1
"3507","3507",1345,1,1
"3508","3508",974,1,1
"3509","3509",1386,1,1
"3510","3510",942,1,1
"3511","3511",1035,1,1
"3512","3512",1269,1,1
"3513","3513",1195,1,1
"3514","3514",725,1,1
"3515","3515",867,1,1
"3516","3516",1064,1,1
"3517","3517",1093,1,1
"3518","3518",1092,1,1
"3519","3519",1058,1,1
"3520","3520",1073,1,1
"3521","3521",1242,1,1
"3522","3522",1296,1,1
"3523","3523",1049,1,1
"3524","3524",986,1,1
"3525","3525",864,1,1
"3526","2310",0,0,0
"3526","3526",881,1,1
"3527","3527",831,1,1
"3528","3528",793,1,1
"3529","3529",1294,1,1
"3530","3530",1174,1,1
"3531","3531",896,1,1
"3532","3532",972,1,1
"3601","3601",530,1,1
"3602","3602",503,1,1
"3603","3603",444,1,1
"3604","3604",430,1,1
"3605","3605",629,1,1
"3606","3606",707,1,1
"3607","3607",596,1,1
"3608","3608",535,1,1
"3609","3609",481,1,1
"3610","3610",575,1,1
"3611","3611",698,1,1
"3612","3612",461,1,1
"3613","3613",743,1,1
"3614","3614",699,1,1
"3615","3615",639,1,1
"3616","3616",567,1,1
"3617","3617",501,1,1
"3618","3618",713,1,1
"3619","3619",585,1,1
"3620","3620",517,1,1
"3621","3621",592,1,1
"3622","3622",610,1,1
"3623","3623",540,1,1
"3624","3624",806,1,1
"3625","3625",917,1,1
"3626","3626",640,1,1
"3627","3627",876,1,1
"3628","3628",874,1,1
"3629","3629",983,1,1
"3630","3630",610,1,1
"3631","3631",1054,1,1
"3632","3632",736,1,1
"3633","3633",919,1,1
"3634","3634",657,1,1
"3635","3635",858,1,1
"3636","3636",769,1,1
"3637","3637",925,1,1
"3638","3638",670,1,1
"3639","3639",770,1,1
"3640","3640",774,1,1
"3641","3641",942,1,1
"3701","3701",318,1,1
"3702","3702",612,1,1
"3703","3703",469,1,1
"3704","3704",706,1,1
"3705","3705",867,1,1
"3706","3706",532,1,1
"3707","3707",690,1,1
"3708","3708",529,1,1
"3709","3709",600,1,1
"3710","3710",586,1,1
"3711","3711",574,1,1
"3712","3712",523,1,1
"3713","3713",668,1,1
"3714","3714",797,1,1
"3715","3715",796,1,1
"3716","3716",841,1,1
"3717","3717",632,1,1
"3718","3718",952,1,1
"3719","3719",707,1,1
"3720","3720",718,1,1
"3721","3721",991,1,1
"3801","3801",501,1,1
"3802","3802",790,1,1
"3803","3803",1016,1,1
"3804","3804",863,1,1
"3805","3805",842,1,1
"3806","3806",945,1,1
"3807","3807",827,1,1
"3808","3808",718,1,1
"3809","3809",1353,1,1
"3810","3810",837,1,1
"3811","3811",600,1,0.917431192660551
"3812","3812",914,1,1
"3813","3813",1303,1,1
"3814","3814",665,1,1
"3815","3815",808,1,0.885964912280702
"3816","3816",746,1,1
"3817","3811",54,0.0419254658385093,0.0825688073394495
"3817","3817",1234,0.958074534161491,1
"3818","3818",653,1,1
"3819","3815",104,0.199233716475096,0.114035087719298
"3819","3819",418,0.800766283524904,1
"3820","3820",581,1,1
"3821","3821",797,1,1
"3901","3901",854,1,1
"3902","3902",886,1,1
"3903","3903",1010,1,1
"3904","3904",804,1,1
"3905","3905",738,1,1
"3906","3906",668,1,1
"3907","3907",988,1,1
"3908","3908",743,1,1
"3909","3909",624,1,1
"3910","3910",1121,1,1
"3911","3911",998,1,1
"3912","3912",756,1,1
"3913","3913",1197,1,1
"3914","3914",477,1,1
"3915","3915",915,1,1
"3916","3916",831,1,1
"3917","3917",935,1,1
"3918","3918",697,1,1
"3919","3919",747,1,1
"3920","3920",877,1,1
"3921","3921",922,1,1
"3922","3922",937,1,1
"3923","3923",1032,1,1
"3924","3924",1236,1,1
"3925","3925",923,1,1
"3926","3926",882,1,1
"3927","3927",1009,1,1
"3928","3928",1030,1,1
"3929","3929",663,1,1
"3930","3930",813,1,1
"3931","3931",864,1,1
"3932","3932",922,1,1
"3933","3933",795,1,1
"3934","3934",914,1,1
"3935","3935",934,1,1
"3936","3936",789,1,1
"3937","3937",919,1,1
"3938","3938",1056,1,1
"3939","3939",783,1,1
"3940","3940",1331,1,1
"3941","3941",855,1,1
"3942","3942",730,1,1
"3943","3943",644,1,1
"3944","3944",1019,1,1
"3945","3945",1093,1,1
"3946","3946",973,1,1
"4001","4001",715,1,1
"4002","4002",736,1,1
"4003","4003",1039,1,1
"4003","4004",0,0,0
"4004","4004",1212,1,1
"4005","4005",1041,1,1
"4006","4006",996,1,1
"4007","4007",842,1,1
"4008","4008",709,1,1
"4009","4009",945,1,1
"4010","4010",886,1,1
"4011","4011",998,1,1
"4012","4012",857,1,1
"4013","4013",1040,1,1
"4014","4014",1222,1,1
"4015","4015",766,1,1
"4016","4016",990,1,1
"4017","4017",828,1,1
"4018","4018",761,1,0.919082125603865
"4019","4017",0,0,0
"4019","4018",67,0.0523028883684621,0.0809178743961353
"4019","4019",1214,0.947697111631538,1
"4020","4020",959,1,1
"4021","4021",1022,1,1
"4022","4022",784,1,1
"4023","4023",1027,1,1
"4024","4024",1362,1,1
"4025","4025",1018,1,1
"4026","4026",980,1,1
"4027","4027",833,1,1
"4028","4028",1288,1,1
"4029","4029",976,1,1
"4030","4030",1132,1,1
"4030","4049",0,0,0
"4031","4031",908,1,1
"4032","4032",1117,1,1
"4033","4033",837,1,1
"4034","4034",345,1,1
"4035","4035",871,1,1
"4036","4036",960,1,1
"4037","4037",1176,1,1
"4038","4038",957,1,1
"4039","4039",854,1,1
"4040","4040",1312,1,1
"4041","4041",892,1,1
"4042","4042",846,1,0.94
"4043","4043",722,1,1
"4044","4044",815,1,1
"4045","4042",54,0.0555555555555556,0.06
"4045","4045",918,0.944444444444444,1
"4046","4046",766,1,1
"4047","4047",169,1,1
"4048","4048",933,1,1
"4049","4049",807,1,1
"4050","4049",0,0,0
"4050","4050",718,1,1
"4051","4051",928,1,1
"4101","4101",907,1,1
"4102","4102",1017,1,1
"4103","4103",827,1,1
"4104","4104",1043,1,1
"4105","4105",651,1,1
"4106","4106",960,1,1
"4107","4107",855,1,1
"4108","4108",1103,1,1
"4109","4109",884,1,1
"4110","4110",853,1,1
"4111","4111",874,1,1
"4112","4112",854,1,1
"4113","4113",1004,1,1
"4114","4114",879,1,1
"4115","4115",918,1,1
"4116","4116",692,1,1
"4117","4117",687,0.991341991341991,1
"4117","6512",6,0.00865800865800866,0.00166991372112441
"4118","4118",778,1,1
"4119","4119",769,1,1
"4120","4120",891,1,1
"4121","4121",823,1,1
"4122","4122",849,1,1
"4123","4123",863,1,1
"4124","4124",900,1,1
"4125","4125",1046,1,1
"4126","4126",813,1,1
"4201","4201",1666,1,1
"4202","4202",1050,1,1
"4203","4203",949,1,0.831726555652936
"4204","4203",146,0.111535523300229,0.127957931638913
"4204","4204",1163,0.888464476699771,1
"4205","4205",1553,1,1
"4206","4206",1253,1,1
"4207","4203",46,0.0367118914604948,0.0403155127081507
"4207","4207",1207,0.963288108539505,1
"4208","4208",1436,1,1
"4209","4209",1166,1,1
"4210","4210",1385,1,1
"4211","4211",1566,1,1
"4212","4212",1127,1,1
"4213","4213",1693,1,1
"4214","4214",1494,1,1
"4215","4215",1604,1,1
"4216","4216",1309,1,1
"4217","4217",1130,1,1
"4218","4218",1381,1,1
"4219","4219",1524,1,1
"4220","4220",1431,1,1
"4221","4221",952,1,1
"4222","4222",1440,1,1
"4223","4223",874,1,1
"4224","4224",1309,1,1
"4225","4225",846,1,1
"4301","4301",623,1,1
"4302","4302",1146,1,1
"4303","4303",1122,1,1
"4304","4304",1123,1,1
"4305","4305",1014,1,1
"4306","4306",1041,1,1
"4307","4307",1421,1,1
"4308","4308",1087,1,1
"4309","4309",723,1,1
"4310","4310",541,1,1
"4311","4311",742,1,1
"4312","4312",895,1,1
"4313","4313",751,1,1
"4314","4314",671,1,1
"4315","4315",605,1,1
"4316","4316",658,1,1
"4317","4317",768,1,1
"4318","4318",1340,1,1
"4319","4319",1179,1,1
"4320","4320",959,1,1
"4321","4321",708,1,1
"4322","4322",347,1,1
"4323","4323",454,1,1
"4324","4324",618,1,1
"4325","4325",815,1,1
"4401","4401",793,1,1
"4402","4402",825,1,1
"4403","4403",623,1,1
"4404","4404",749,1,1
"4405","4405",591,1,1
"4406","4406",772,1,1
"4407","4407",835,1,1
"4408","4408",565,1,1
"4409","4409",897,1,1
"4410","4410",484,1,1
"4411","4411",995,1,1
"4412","4412",448,1,1
"4413","4413",632,0.843791722296395,1
"4413","4416",117,0.156208277703605,0.183673469387755
"4414","4414",721,1,1
"4415","4415",736,1,1
"4416","4416",520,1,0.816326530612245
"4417","4417",508,1,1
"4418","4418",610,1,1
"4419","4419",715,1,1
"4501","4501",1083,1,1
"4502","4502",1092,1,1
"4503","4503",1467,1,1
"4504","4504",1183,1,1
"4505","4505",1138,1,1
"4506","4506",1056,1,1
"4507","4507",854,1,1
"4508","4508",899,1,1
"4509","4509",1124,1,1
"4510","4510",1031,1,1
"4511","4511",1126,1,1
"4512","4501",0,0,0
"4512","4512",685,1,1
"4513","4513",936,1,1
"4514","4514",245,1,1
"4515","4515",1184,1,1
"4516","4516",1055,1,1
"4517","4517",1289,1,1
"4518","4518",819,1,1
"4519","4519",1078,1,1
"4520","4520",972,1,1
"4521","4521",826,1,1
"4522","4522",801,1,1
"4523","4523",991,1,1
"4524","4524",1233,1,1
"4525","4505",0,0,0
"4525","4525",877,1,1
"4601","4601",977,1,1
"4602","4602",704,1,1
"4603","4603",849,1,1
"4604","4604",680,1,1
"4605","4605",732,1,1
"4606","4606",933,1,1
"4607","4607",767,1,1
"4608","4608",1215,1,1
"4609","4609",779,1,1
"4610","4610",622,1,1
"4611","4611",762,1,1
"4612","4612",852,1,1
"4613","4613",700,1,1
"4614","4614",635,1,1
"4615","4615",778,1,1
"4616","4616",1114,1,1
"4617","4617",1046,1,1
"4618","4618",796,1,1
"4619","4619",1087,1,1
"4620","4620",826,1,1
"4621","4621",663,1,1
"4622","4622",1344,1,1
"4623","4623",1138,1,1
"4701","4701",657,1,1
"4702","4702",612,1,1
"4703","4703",1036,1,1
"4704","4704",275,1,1
"4705","4705",550,1,1
"4706","4706",715,1,1
"4707","4707",439,1,1
"4708","4708",674,1,1
"4709","4709",388,1,1
"4710","4710",317,1,1
"4711","4711",343,1,1
"4712","4712",1587,1,1
"4713","4713",285,1,1
"4714","4714",267,1,1
"4801","4801",939,1,1
"4802","4802",829,1,1
"4803","4803",946,1,1
"4804","4804",896,1,1
"4805","4805",744,1,1
"4806","4806",754,1,1
"4807","4807",852,1,1
"4808","4808",970,1,1
"4809","4809",820,1,1
"4810","4810",742,1,1
"4811","4811",622,1,1
"4812","4812",999,1,1
"4813","4813",1185,1,1
"4814","2622",0,0,0
"4814","4814",826,1,1
"4815","4815",903,1,1
"4816","4816",899,1,1
"4817","4817",1014,1,1
"4818","4818",848,1,1
"4819","4819",848,1,1
"4820","4820",841,1,1
"4821","4821",1746,1,1
"4822","4822",632,1,1
"4823","4823",886,1,1
"4901","4901",1154,1,1
"4902","4902",1205,1,1
"4903","4903",1551,1,1
"4904","4904",820,1,1
"4905","4905",1120,1,1
"4906","4906",754,1,1
"4907","4907",1055,1,1
"4908","4908",1065,1,1
"4909","4909",2148,1,1
"4910","4910",1102,1,1
"4911","4911",1047,1,1
"4912","4912",1178,1,1
"4913","4913",695,1,1
"4914","4914",921,1,1
"4915","4915",898,1,1
"4916","4916",893,1,1
"4917","4917",1186,1,1
"4918","4918",971,1,1
"4919","4919",1057,1,1
"4920","4920",994,1,1
"4921","4921",1360,1,1
"4922","4922",1360,1,1
"5001","5001",707,1,1
"5002","5002",813,1,1
"5003","5003",888,0.852207293666027,1
"5003","5012",154,0.147792706333973,0.189421894218942
"5004","5004",896,1,1
"5005","5005",777,1,1
"5006","5006",730,1,1
"5007","5007",934,1,1
"5008","5008",933,1,1
"5009","5009",821,1,1
"5010","5010",778,1,1
"5011","5011",587,0.936204146730462,1
"5011","5027",40,0.0637958532695375,0.0568181818181818
"5012","5012",659,1,0.810578105781058
"5013","5013",713,1,1
"5014","5014",693,1,1
"5015","5015",781,1,1
"5016","5016",1065,1,1
"5017","5017",863,1,1
"5018","5018",775,1,1
"5019","5019",1009,1,1
"5020","5020",879,1,1
"5021","5021",951,1,1
"5022","5022",934,1,1
"5023","5023",631,1,1
"5024","5024",992,1,1
"5025","5025",731,1,1
"5026","5026",827,1,1
"5027","5027",664,1,0.943181818181818
"5028","5028",951,1,1
"5029","5029",922,1,1
"5030","5030",766,1,1
"5101","5101",670,1,1
"5102","5102",626,1,1
"5103","5103",832,1,0.926503340757238
"5104","5104",747,1,0.798076923076923
"5105","5105",890,1,1
"5106","5106",802,1,1
"5107","5107",678,1,1
"5108","5103",66,0.102167182662539,0.0734966592427617
"5108","5108",580,0.897832817337461,1
"5109","5109",654,1,1
"5110","5110",617,1,1
"5111","5111",607,1,1
"5112","5112",799,1,1
"5113","5113",827,1,1
"5114","5114",876,1,1
"5115","5115",801,1,1
"5116","5116",720,1,1
"5117","5117",806,1,1
"5118","5118",803,1,1
"5119","5119",623,1,1
"5120","5104",189,0.265822784810127,0.201923076923077
"5120","5120",522,0.734177215189873,1
"5121","5121",694,1,1
"5122","5122",785,1,1
"5123","5123",678,1,1
"5124","5124",830,1,1
"5125","5125",967,1,1
"5126","5126",643,1,1
"5127","5127",629,1,1
"5128","5128",784,1,1
"5201","5201",620,1,1
"5202","5202",214,1,0.338607594936709
"5203","5203",1121,1,1
"5204","5204",619,1,1
"5205","5205",1460,1,1
"5206","5202",418,0.379654859218892,0.661392405063291
"5206","5206",683,0.620345140781108,1
"5207","5207",211,1,1
"5208","5208",1224,1,1
"5209","5209",1169,1,1
"5210","5210",745,1,1
"5211","5211",1059,1,1
"5212","5212",719,1,1
"5213","5213",1000,1,1
"5214","5214",1237,1,1
"5215","5215",896,1,1
"5216","5216",1197,1,1
"5217","5217",997,1,1
"5218","5218",839,1,1
"5219","5219",786,1,1
"5220","3425",534,0.408256880733945,0.311915887850467
"5220","5220",774,0.591743119266055,1
"5221","5221",923,1,1
"5222","5222",834,1,1
"5223","5223",858,1,1
"5224","5224",834,1,1
"5225","5225",964,1,1
"5226","5226",894,1,1
"5227","5227",928,1,1
"5228","5228",1296,1,1
"5301","5301",1131,1,1
"5302","5302",1244,1,1
"5303","5303",1157,1,1
"5304","5304",1141,1,1
"5305","5305",1356,1,1
"5306","5306",1020,1,1
"5307","5307",1240,1,1
"5308","5308",997,1,1
"5309","5309",964,1,1
"5310","5310",938,1,1
"5311","5311",971,1,1
"5312","5312",1127,1,1
"5313","5313",1274,1,1
"5314","5314",1034,1,1
"5315","5315",992,1,1
"5316","5316",995,1,1
"5317","5317",938,1,1
"5318","5318",1136,1,1
"5319","5319",1073,1,1
"5320","5320",1082,1,1
"5321","5321",1202,1,1
"5322","5322",1013,1,1
"5323","5323",958,1,1
"5401","5401",989,1,1
"5402","5402",1223,1,1
"5403","5403",1063,1,1
"5404","5404",980,1,1
"5405","5405",1077,1,1
"5406","5406",1213,1,1
"5407","5407",1144,1,1
"5408","5408",1086,1,1
"5409","5409",1307,1,1
"5410","5410",1167,1,1
"5411","5411",1066,1,1
"5412","5412",1323,1,1
"5413","5413",1208,1,1
"5414","5414",869,1,1
"5415","5415",866,1,1
"5416","5416",1200,1,1
"5417","5417",982,1,1
"5418","5418",1035,1,1
"5419","5419",890,1,1
"5420","5420",1130,1,1
"5421","5421",1026,1,1
"5422","5422",1029,1,1
"5501","5501",932,1,1
"5502","5502",1178,1,1
"5503","5503",1096,1,1
"5504","5504",896,1,1
"5505","5505",1027,1,1
"5506","5506",919,1,1
"5507","5507",1138,1,1
"5508","5508",872,1,1
"5509","5509",822,1,1
"5510","5510",902,1,1
"5511","5511",951,1,1
"5512","5512",951,1,1
"5513","5513",824,1,1
"5514","5514",966,1,1
"5515","5515",989,1,1
"5516","5516",1016,1,1
"5517","5517",1017,1,1
"5518","5518",924,1,1
"5519","5519",876,1,1
"5520","5520",854,1,1
"5521","5521",959,1,1
"5522","5522",799,1,1
"5523","5523",698,1,1
"5524","5524",1000,1,1
"5525","5525",1006,1,1
"5526","5526",1034,1,1
"5527","5527",792,1,1
"5528","5528",769,1,1
"5529","5529",964,1,1
"5601","5601",1149,1,1
"5602","5602",775,1,1
"5603","5603",883,1,1
"5604","5604",869,1,1
"5605","5605",1011,1,1
"5606","5606",1036,1,1
"5607","5607",1140,1,1
"5608","5608",1283,1,1
"5609","5609",896,1,1
"5610","5610",790,1,1
"5611","5611",886,1,1
"5612","5612",979,1,1
"5613","5613",856,1,1
"5614","5614",777,1,1
"5615","5615",756,1,1
"5616","5616",947,1,1
"5617","5617",1004,1,1
"5618","5618",730,1,1
"5619","5619",1519,1,1
"5620","5620",734,1,1
"5621","5621",1179,1,1
"5622","5622",1070,1,1
"5623","5623",1162,1,1
"5624","5624",1046,1,1
"5625","5625",963,1,1
"5626","5626",870,1,1
"5627","5627",591,1,1
"5628","5628",856,1,1
"5629","5629",625,1,1
"5630","5630",1789,1,1
"5631","5631",1269,1,1
"5632","5632",636,1,1
"5633","5633",820,1,1
"5634","5634",589,1,1
"5635","5635",1043,1,1
"5636","5636",727,1,1
"5637","5637",836,1,1
"5638","5638",801,1,1
"5639","5639",1630,1,1
"5640","5640",874,1,1
"5641","5641",1513,1,1
"5701","5701",900,1,1
"5702","5702",1255,1,1
"5703","5703",990,1,1
"5704","5704",710,1,1
"5705","5705",688,1,1
"5706","5706",1576,1,1
"5707","5707",1024,1,1
"5708","5708",1150,1,1
"5709","5709",803,1,1
"5710","5710",1279,1,1
"5711","5711",945,1,1
"5712","5712",911,1,1
"5713","5713",937,1,1
"5714","5714",818,1,1
"5715","5715",1011,1,1
"5716","5716",756,1,1
"5717","5717",744,1,1
"5718","5718",997,1,1
"5719","5719",741,1,1
"5720","5720",769,1,1
"5721","5721",686,1,1
"5722","5722",622,1,1
"5723","5723",1040,1,1
"5724","5724",908,1,1
"5725","5725",809,1,1
"5726","5726",927,1,1
"5727","5727",1878,1,1
"5728","5728",665,1,1
"5801","5801",1029,1,1
"5802","5802",1368,1,1
"5803","5803",1874,1,1
"5804","5804",1001,1,1
"5805","5805",2053,1,1
"5806","5806",941,1,1
"5807","5807",778,1,1
"5808","5808",1648,1,1
"5809","5809",1195,1,1
"5810","5810",986,1,1
"5811","5811",1190,1,1
"5812","5812",1096,1,1
"5813","5813",822,1,1
"5814","5814",742,1,1
"5815","5815",871,1,1
"5816","5816",762,1,0.932680538555692
"5817","5817",949,1,1
"5818","5818",1589,1,1
"5819","5819",1796,1,1
"5820","5820",1469,1,1
"5821","5821",1033,1,1
"5822","5822",731,1,1
"5823","5823",1249,1,1
"5824","5824",856,1,1
"5825","5825",1054,1,1
"5826","5816",55,0.0542406311637081,0.0673194614443084
"5826","5826",959,0.945759368836292,1
"5827","5827",1312,1,1
"5828","5828",974,1,1
"5829","5829",1453,1,1
"5830","5830",979,1,1
"5831","5831",1327,1,1
"5832","5832",791,1,1
"5833","5833",1590,0.921739130434783,1
"5833","5836",135,0.0782608695652174,0.122061482820976
"5834","5834",925,1,1
"5835","5835",1437,1,1
"5836","5836",971,1,0.877938517179023
"5837","5837",1062,1,1
"5838","5838",1457,1,1
"5839","5839",876,1,1
"5840","5840",870,1,1
"5841","5841",1177,1,1
"5842","5842",836,1,1
"5843","5843",715,1,1
"5844","5844",881,1,1
"5901","5901",1003,1,1
"5902","5902",919,1,1
"5903","5903",810,1,1
"5904","5904",1008,1,1
"5905","5905",878,1,1
"5906","5906",685,1,1
"5907","5907",861,1,1
"5908","5908",821,1,1
"5909","5909",731,1,1
"5910","5910",1309,1,1
"5911","5911",670,1,1
"5912","5912",714,1,1
"5913","5913",1049,1,1
"5914","5914",646,1,1
"5915","5915",699,1,1
"5916","5916",902,1,1
"5917","5917",1214,1,1
"5918","5918",749,1,1
"5919","5919",984,1,1
"5920","5920",763,1,1
"5921","5921",918,1,1
"5922","5922",767,1,1
"5923","5923",623,1,1
"5924","5924",577,1,1
"5925","5925",787,1,1
"6001","6001",497,1,1
"6002","6002",846,1,1
"6003","6003",621,1,1
"6004","6004",710,1,1
"6005","6005",922,1,1
"6006","6006",854,1,1
"6007","6007",688,1,1
"6008","6008",639,1,1
"6009","6009",1078,1,1
"6010","6010",554,1,1
"6011","6011",835,1,1
"6012","6012",668,1,1
"6013","6013",530,1,1
"6014","6014",862,1,1
"6015","6015",688,1,1
"6016","6016",736,1,1
"6017","6017",891,1,1
"6018","6018",751,1,1
"6019","6019",738,1,1
"6020","6020",705,1,1
"6021","6021",540,1,1
"6022","6022",566,1,1
"6023","6023",918,1,1
"6101","6101",1005,1,1
"6102","6102",965,1,1
"6103","6103",1311,1,1
"6104","6104",1181,1,1
"6105","6105",1140,1,1
"6106","6106",1345,1,1
"6107","6107",1174,1,1
"6108","6108",1137,1,1
"6109","6109",1276,1,1
"6110","6110",1328,1,1
"6111","6111",1080,1,1
"6112","6112",1288,1,1
"6113","6113",1169,1,1
"6114","6114",1165,1,1
"6115","6115",1047,1,1
"6116","6116",1052,1,1
"6117","6117",782,1,1
"6118","6118",1377,1,1
"6119","6119",993,1,1
"6120","6120",720,1,1
"6121","6121",1187,1,1
"6122","6122",867,1,1
"6123","6123",981,1,1
"6124","6124",881,1,1
"6125","6125",834,1,1
"6126","6126",823,1,1
"6127","6127",889,1,1
"6128","6128",731,1,1
"6201","4101",0,0,0
"6201","6201",1494,1,1
"6202","6202",1276,1,1
"6203","6203",849,1,1
"6204","6204",1300,1,1
"6205","6205",859,1,0.93879781420765
"6206","6206",1253,1,1
"6207","6207",1273,1,1
"6208","6208",1128,1,1
"6209","6209",1104,1,1
"6210","6210",988,1,1
"6211","6211",1395,1,1
"6212","6212",952,1,1
"6213","6213",1391,1,1
"6214","6214",1168,1,1
"6215","6215",1087,1,1
"6216","6216",1063,1,1
"6217","6217",1182,1,1
"6218","6218",879,1,1
"6219","6205",56,0.0569684638860631,0.0612021857923497
"6219","6219",927,0.943031536113937,1
"6220","6220",1070,1,1
"6221","6221",833,1,1
"6222","6222",974,1,1
"6223","6223",806,1,1
"6224","6224",1047,1,1
"6225","6225",1016,1,1
"6226","6226",1050,1,1
"6301","6301",984,1,1
"6302","6302",848,1,1
"6303","6303",1268,1,1
"6304","6304",1129,1,1
"6305","6305",769,1,1
"6306","6306",1209,1,1
"6307","6307",30,0.0275482093663912,1
"6307","6311",1059,0.972451790633609,0.720408163265306
"6308","6308",887,1,1
"6309","6309",1122,1,1
"6310","6310",1059,1,1
"6311","6311",98,0.121739130434783,0.0666666666666667
"6311","6323",707,0.878260869565217,0.499293785310734
"6312","6312",938,1,1
"6313","6313",1186,1,1
"6314","6314",871,1,1
"6315","6315",962,1,1
"6316","6316",702,1,1
"6317","6317",635,1,1
"6318","6318",791,1,1
"6319","6319",732,1,1
"6320","6320",794,1,1
"6321","6321",714,1,1
"6322","6322",988,1,1
"6323","6311",313,0.306262230919765,0.212925170068027
"6323","6323",709,0.693737769080235,0.500706214689266
"6324","6324",666,1,1
"6325","6325",782,1,1
"6401","6401",1054,1,1
"6402","6402",945,1,1
"6403","6403",1016,1,1
"6404","6404",949,1,1
"6405","6405",1260,1,1
"6406","6406",915,1,1
"6407","6407",1139,1,1
"6408","6408",803,1,1
"6409","6409",801,1,1
"6410","6410",860,1,1
"6411","6411",841,1,1
"6412","6412",860,1,1
"6413","6413",804,1,1
"6414","6414",727,1,1
"6415","6415",1400,1,1
"6416","6416",927,1,1
"6417","6417",824,1,1
"6418","6418",1112,1,1
"6501","6501",1021,1,1
"6502","6502",961,1,1
"6503","6503",854,1,1
"6504","6504",969,1,1
"6505","6505",836,1,1
"6506","6506",578,1,1
"6507","6507",5642,1,1
"6508","6508",965,1,1
"6509","6509",1151,1,1
"6510","6510",1680,1,1
"6511","6511",1254,1,0.993660855784469
"6512","6512",3587,1,0.998330086278876
"6513","6513",846,1,1
"6514","6514",756,1,1
"6515","6515",952,1,1
"6516","6511",8,0.00852878464818763,0.0063391442155309
"6516","6516",930,0.991471215351812,1
"6517","6517",1119,1,1
"6518","6518",986,1,1
"6519","6519",840,1,1
"6520","6520",2010,1,1
"6521","6521",858,1,1
"6522","6522",971,1,1
"6523","6523",820,1,1
"6601","6601",1068,1,1
"6602","6602",595,1,1
"6603","6603",751,1,1
"6604","6604",617,1,1
"6605","6605",1293,1,1
"6606","6606",614,1,1
"6607","6607",663,1,1
"6608","6608",2029,1,1
"6609","6609",848,1,1
"6610","6610",838,1,1
"6611","6611",749,1,1
"6612","6612",1094,1,1
"6613","6613",675,1,1
"6614","6614",1003,1,1
"6615","6615",1355,1,1
"6616","6616",580,1,1
"6617","6617",796,1,1
"6618","6618",882,1,1
"6619","6627",794,1,1
"6620","6620",1089,1,1
"6621","6621",1559,1,1
"6622","6622",1628,1,1
"6623","6623",1091,1,1
"6624","6624",751,1,1
"6625","6625",603,1,1
"6626","6626",1019,1,1
"6627","6619",1010,1,1
"6628","6628",918,1,1
"6629","6629",993,1,1
"6630","6630",874,1,1
"6631","6631",897,1,1
"6632","6632",1121,1,1
"6633","6633",1136,1,1
"6634","6634",769,1,1
"6635","6635",1178,1,1
"6636","6636",1186,1,1
"6637","6637",984,1,1
"6638","6638",976,1,1
"6639","6639",1114,1,1
"6640","6640",726,1,1
"6641","6641",1381,1,1
"6642","6642",721,1,1
"6643","6643",1037,1,1
"6644","6644",796,1,1
"6645","6645",647,1,1
"6646","6646",798,1,1
